<?xml version="1.0" encoding="utf-8"?>
<annotations>
  <version>1.1</version>
  <meta>
    <task>
      <id>87</id>
      <name>gastroscopy_0034</name>
      <size>4322</size>
      <mode>interpolation</mode>
      <overlap>5</overlap>
      <bugtracker></bugtracker>
      <created>2020-11-18 06:18:41.792345+00:00</created>
      <updated>2020-11-18 15:36:53.709564+00:00</updated>
      <start_frame>0</start_frame>
      <stop_frame>4321</stop_frame>
      <frame_filter></frame_filter>
      <labels>
        <label>
          <name>cricoarytenoid</name>
          <color>#33ddff</color>
          <attributes>
          </attributes>
        </label>
        <label>
          <name>vocal_cords</name>
          <color>#66ff66</color>
          <attributes>
          </attributes>
        </label>
        <label>
          <name>barrett's</name>
          <color>#f078f0</color>
          <attributes>
          </attributes>
        </label>
        <label>
          <name>varices</name>
          <color>#ffcc33</color>
          <attributes>
          </attributes>
        </label>
        <label>
          <name>gastric_ulcer</name>
          <color>#fa32b7</color>
          <attributes>
          </attributes>
        </label>
        <label>
          <name>pyloric_sphincter</name>
          <color>#83e070</color>
          <attributes>
          </attributes>
        </label>
        <label>
          <name>duodenal_ulcer</name>
          <color>#8c78f0</color>
          <attributes>
          </attributes>
        </label>
        <label>
          <name>eg_sphincter</name>
          <color>#2a7dd1</color>
          <attributes>
          </attributes>
        </label>
      </labels>
      <segments>
        <segment>
          <id>80</id>
          <start>0</start>
          <stop>4321</stop>
          <url>http://localhost:8080/?id=80</url>
        </segment>
      </segments>
      <owner>
        <username>veerachat</username>
        <email>veerachat_p@outlook.com</email>
      </owner>
      <assignee></assignee>
      <original_size>
        <width>640</width>
        <height>480</height>
      </original_size>
    </task>
    <dumped>2020-11-18 15:38:06.412823+00:00</dumped>
    <source>varices_5.mp4</source>
  </meta>
  <track id="0" label="eg_sphincter" source="manual">
    <box frame="0" outside="0" occluded="0" keyframe="1" xtl="230.35" ytl="158.56" xbr="443.68" ybr="351.63" z_order="0">
    </box>
    <box frame="1" outside="0" occluded="0" keyframe="0" xtl="229.76" ytl="157.97" xbr="445.81" ybr="353.70" z_order="0">
    </box>
    <box frame="2" outside="0" occluded="0" keyframe="0" xtl="229.17" ytl="157.38" xbr="447.94" ybr="355.78" z_order="0">
    </box>
    <box frame="3" outside="0" occluded="0" keyframe="0" xtl="228.58" ytl="156.80" xbr="450.07" ybr="357.86" z_order="0">
    </box>
    <box frame="4" outside="0" occluded="0" keyframe="0" xtl="228.00" ytl="156.21" xbr="452.20" ybr="359.94" z_order="0">
    </box>
    <box frame="5" outside="0" occluded="0" keyframe="0" xtl="227.41" ytl="155.62" xbr="454.34" ybr="362.02" z_order="0">
    </box>
    <box frame="6" outside="0" occluded="0" keyframe="0" xtl="226.82" ytl="155.03" xbr="456.47" ybr="364.10" z_order="0">
    </box>
    <box frame="7" outside="0" occluded="0" keyframe="0" xtl="226.24" ytl="154.44" xbr="458.60" ybr="366.18" z_order="0">
    </box>
    <box frame="8" outside="0" occluded="0" keyframe="0" xtl="225.65" ytl="153.86" xbr="460.73" ybr="368.26" z_order="0">
    </box>
    <box frame="9" outside="0" occluded="0" keyframe="0" xtl="225.06" ytl="153.27" xbr="462.86" ybr="370.33" z_order="0">
    </box>
    <box frame="10" outside="0" occluded="0" keyframe="0" xtl="224.47" ytl="152.68" xbr="464.99" ybr="372.41" z_order="0">
    </box>
    <box frame="11" outside="0" occluded="0" keyframe="0" xtl="223.89" ytl="152.09" xbr="467.12" ybr="374.49" z_order="0">
    </box>
    <box frame="12" outside="0" occluded="0" keyframe="0" xtl="223.30" ytl="151.50" xbr="469.25" ybr="376.57" z_order="0">
    </box>
    <box frame="13" outside="0" occluded="0" keyframe="0" xtl="222.71" ytl="150.92" xbr="471.38" ybr="378.65" z_order="0">
    </box>
    <box frame="14" outside="0" occluded="0" keyframe="0" xtl="222.12" ytl="150.33" xbr="473.51" ybr="380.73" z_order="0">
    </box>
    <box frame="15" outside="0" occluded="0" keyframe="0" xtl="221.54" ytl="149.74" xbr="475.65" ybr="382.81" z_order="0">
    </box>
    <box frame="16" outside="0" occluded="0" keyframe="0" xtl="220.95" ytl="149.15" xbr="477.78" ybr="384.89" z_order="0">
    </box>
    <box frame="17" outside="0" occluded="0" keyframe="0" xtl="220.36" ytl="148.56" xbr="479.91" ybr="386.96" z_order="0">
    </box>
    <box frame="18" outside="0" occluded="0" keyframe="0" xtl="219.77" ytl="147.98" xbr="482.04" ybr="389.04" z_order="0">
    </box>
    <box frame="19" outside="0" occluded="0" keyframe="0" xtl="219.19" ytl="147.39" xbr="484.17" ybr="391.12" z_order="0">
    </box>
    <box frame="20" outside="0" occluded="0" keyframe="1" xtl="218.60" ytl="146.80" xbr="486.30" ybr="393.20" z_order="0">
    </box>
    <box frame="21" outside="0" occluded="0" keyframe="0" xtl="216.36" ytl="140.62" xbr="490.35" ybr="394.37" z_order="0">
    </box>
    <box frame="22" outside="0" occluded="0" keyframe="0" xtl="214.12" ytl="134.44" xbr="494.40" ybr="395.54" z_order="0">
    </box>
    <box frame="23" outside="0" occluded="0" keyframe="0" xtl="211.88" ytl="128.26" xbr="498.45" ybr="396.71" z_order="0">
    </box>
    <box frame="24" outside="0" occluded="0" keyframe="0" xtl="209.64" ytl="122.08" xbr="502.50" ybr="397.88" z_order="0">
    </box>
    <box frame="25" outside="0" occluded="0" keyframe="0" xtl="207.40" ytl="115.90" xbr="506.55" ybr="399.05" z_order="0">
    </box>
    <box frame="26" outside="0" occluded="0" keyframe="0" xtl="205.16" ytl="109.72" xbr="510.60" ybr="400.22" z_order="0">
    </box>
    <box frame="27" outside="0" occluded="0" keyframe="0" xtl="202.92" ytl="103.54" xbr="514.65" ybr="401.39" z_order="0">
    </box>
    <box frame="28" outside="0" occluded="0" keyframe="0" xtl="200.68" ytl="97.36" xbr="518.70" ybr="402.56" z_order="0">
    </box>
    <box frame="29" outside="0" occluded="0" keyframe="0" xtl="198.44" ytl="91.18" xbr="522.75" ybr="403.73" z_order="0">
    </box>
    <box frame="30" outside="0" occluded="0" keyframe="1" xtl="196.20" ytl="85.00" xbr="526.80" ybr="404.90" z_order="0">
    </box>
    <box frame="31" outside="0" occluded="0" keyframe="0" xtl="194.49" ytl="83.93" xbr="527.65" ybr="406.18" z_order="0">
    </box>
    <box frame="32" outside="0" occluded="0" keyframe="0" xtl="192.78" ytl="82.86" xbr="528.50" ybr="407.46" z_order="0">
    </box>
    <box frame="33" outside="0" occluded="0" keyframe="0" xtl="191.07" ytl="81.79" xbr="529.35" ybr="408.74" z_order="0">
    </box>
    <box frame="34" outside="0" occluded="0" keyframe="0" xtl="189.36" ytl="80.72" xbr="530.20" ybr="410.02" z_order="0">
    </box>
    <box frame="35" outside="0" occluded="0" keyframe="0" xtl="187.65" ytl="79.65" xbr="531.05" ybr="411.30" z_order="0">
    </box>
    <box frame="36" outside="0" occluded="0" keyframe="0" xtl="185.94" ytl="78.58" xbr="531.90" ybr="412.58" z_order="0">
    </box>
    <box frame="37" outside="0" occluded="0" keyframe="0" xtl="184.23" ytl="77.51" xbr="532.75" ybr="413.86" z_order="0">
    </box>
    <box frame="38" outside="0" occluded="0" keyframe="0" xtl="182.52" ytl="76.44" xbr="533.60" ybr="415.14" z_order="0">
    </box>
    <box frame="39" outside="0" occluded="0" keyframe="0" xtl="180.81" ytl="75.37" xbr="534.45" ybr="416.42" z_order="0">
    </box>
    <box frame="40" outside="0" occluded="0" keyframe="1" xtl="179.10" ytl="74.30" xbr="535.30" ybr="417.70" z_order="0">
    </box>
    <box frame="41" outside="0" occluded="0" keyframe="0" xtl="175.10" ytl="74.30" xbr="533.06" ybr="418.56" z_order="0">
    </box>
    <box frame="42" outside="0" occluded="0" keyframe="0" xtl="171.10" ytl="74.30" xbr="530.82" ybr="419.41" z_order="0">
    </box>
    <box frame="43" outside="0" occluded="0" keyframe="0" xtl="167.10" ytl="74.30" xbr="528.58" ybr="420.27" z_order="0">
    </box>
    <box frame="44" outside="0" occluded="0" keyframe="0" xtl="163.10" ytl="74.30" xbr="526.34" ybr="421.12" z_order="0">
    </box>
    <box frame="45" outside="0" occluded="0" keyframe="0" xtl="159.10" ytl="74.30" xbr="524.10" ybr="421.98" z_order="0">
    </box>
    <box frame="46" outside="0" occluded="0" keyframe="0" xtl="155.10" ytl="74.30" xbr="521.86" ybr="422.83" z_order="0">
    </box>
    <box frame="47" outside="0" occluded="0" keyframe="0" xtl="151.10" ytl="74.30" xbr="519.62" ybr="423.69" z_order="0">
    </box>
    <box frame="48" outside="0" occluded="0" keyframe="0" xtl="147.10" ytl="74.30" xbr="517.38" ybr="424.54" z_order="0">
    </box>
    <box frame="49" outside="0" occluded="0" keyframe="0" xtl="143.10" ytl="74.30" xbr="515.14" ybr="425.40" z_order="0">
    </box>
    <box frame="50" outside="0" occluded="0" keyframe="0" xtl="139.10" ytl="74.30" xbr="512.90" ybr="426.25" z_order="0">
    </box>
    <box frame="51" outside="0" occluded="0" keyframe="0" xtl="135.10" ytl="74.30" xbr="510.66" ybr="427.11" z_order="0">
    </box>
    <box frame="52" outside="0" occluded="0" keyframe="0" xtl="131.10" ytl="74.30" xbr="508.42" ybr="427.96" z_order="0">
    </box>
    <box frame="53" outside="0" occluded="0" keyframe="0" xtl="127.10" ytl="74.30" xbr="506.18" ybr="428.82" z_order="0">
    </box>
    <box frame="54" outside="0" occluded="0" keyframe="0" xtl="123.10" ytl="74.30" xbr="503.94" ybr="429.67" z_order="0">
    </box>
    <box frame="55" outside="0" occluded="0" keyframe="0" xtl="119.10" ytl="74.30" xbr="501.70" ybr="430.53" z_order="0">
    </box>
    <box frame="56" outside="0" occluded="0" keyframe="0" xtl="115.10" ytl="74.30" xbr="499.46" ybr="431.38" z_order="0">
    </box>
    <box frame="57" outside="0" occluded="0" keyframe="0" xtl="111.10" ytl="74.30" xbr="497.22" ybr="432.24" z_order="0">
    </box>
    <box frame="58" outside="0" occluded="0" keyframe="0" xtl="107.10" ytl="74.30" xbr="494.98" ybr="433.09" z_order="0">
    </box>
    <box frame="59" outside="0" occluded="0" keyframe="0" xtl="103.10" ytl="74.30" xbr="492.74" ybr="433.95" z_order="0">
    </box>
    <box frame="60" outside="0" occluded="0" keyframe="1" xtl="99.10" ytl="74.30" xbr="490.50" ybr="434.80" z_order="0">
    </box>
    <box frame="61" outside="0" occluded="0" keyframe="0" xtl="99.10" ytl="72.38" xbr="490.50" ybr="434.80" z_order="0">
    </box>
    <box frame="62" outside="0" occluded="0" keyframe="0" xtl="99.10" ytl="70.46" xbr="490.50" ybr="434.80" z_order="0">
    </box>
    <box frame="63" outside="0" occluded="0" keyframe="0" xtl="99.10" ytl="68.54" xbr="490.50" ybr="434.80" z_order="0">
    </box>
    <box frame="64" outside="0" occluded="0" keyframe="0" xtl="99.10" ytl="66.62" xbr="490.50" ybr="434.80" z_order="0">
    </box>
    <box frame="65" outside="0" occluded="0" keyframe="0" xtl="99.10" ytl="64.70" xbr="490.50" ybr="434.80" z_order="0">
    </box>
    <box frame="66" outside="0" occluded="0" keyframe="0" xtl="99.10" ytl="62.78" xbr="490.50" ybr="434.80" z_order="0">
    </box>
    <box frame="67" outside="0" occluded="0" keyframe="0" xtl="99.10" ytl="60.86" xbr="490.50" ybr="434.80" z_order="0">
    </box>
    <box frame="68" outside="0" occluded="0" keyframe="0" xtl="99.10" ytl="58.94" xbr="490.50" ybr="434.80" z_order="0">
    </box>
    <box frame="69" outside="0" occluded="0" keyframe="0" xtl="99.10" ytl="57.02" xbr="490.50" ybr="434.80" z_order="0">
    </box>
    <box frame="70" outside="0" occluded="0" keyframe="1" xtl="99.10" ytl="55.10" xbr="490.50" ybr="434.80" z_order="0">
    </box>
    <box frame="71" outside="0" occluded="0" keyframe="0" xtl="99.10" ytl="55.10" xbr="490.50" ybr="434.80" z_order="0">
    </box>
    <box frame="72" outside="0" occluded="0" keyframe="0" xtl="99.10" ytl="55.10" xbr="490.50" ybr="434.80" z_order="0">
    </box>
    <box frame="73" outside="0" occluded="0" keyframe="0" xtl="99.10" ytl="55.10" xbr="490.50" ybr="434.80" z_order="0">
    </box>
    <box frame="74" outside="0" occluded="0" keyframe="0" xtl="99.10" ytl="55.10" xbr="490.50" ybr="434.80" z_order="0">
    </box>
    <box frame="75" outside="0" occluded="0" keyframe="0" xtl="99.10" ytl="55.10" xbr="490.50" ybr="434.80" z_order="0">
    </box>
    <box frame="76" outside="0" occluded="0" keyframe="0" xtl="99.10" ytl="55.10" xbr="490.50" ybr="434.80" z_order="0">
    </box>
    <box frame="77" outside="0" occluded="0" keyframe="0" xtl="99.10" ytl="55.10" xbr="490.50" ybr="434.80" z_order="0">
    </box>
    <box frame="78" outside="0" occluded="0" keyframe="0" xtl="99.10" ytl="55.10" xbr="490.50" ybr="434.80" z_order="0">
    </box>
    <box frame="79" outside="0" occluded="0" keyframe="0" xtl="99.10" ytl="55.10" xbr="490.50" ybr="434.80" z_order="0">
    </box>
    <box frame="80" outside="0" occluded="0" keyframe="0" xtl="99.10" ytl="55.10" xbr="490.50" ybr="434.80" z_order="0">
    </box>
    <box frame="81" outside="0" occluded="0" keyframe="0" xtl="99.10" ytl="55.10" xbr="490.50" ybr="434.80" z_order="0">
    </box>
    <box frame="82" outside="0" occluded="0" keyframe="0" xtl="99.10" ytl="55.10" xbr="490.50" ybr="434.80" z_order="0">
    </box>
    <box frame="83" outside="0" occluded="0" keyframe="0" xtl="99.10" ytl="55.10" xbr="490.50" ybr="434.80" z_order="0">
    </box>
    <box frame="84" outside="0" occluded="0" keyframe="0" xtl="99.10" ytl="55.10" xbr="490.50" ybr="434.80" z_order="0">
    </box>
    <box frame="85" outside="0" occluded="0" keyframe="0" xtl="99.10" ytl="55.10" xbr="490.50" ybr="434.80" z_order="0">
    </box>
    <box frame="86" outside="0" occluded="0" keyframe="0" xtl="99.10" ytl="55.10" xbr="490.50" ybr="434.80" z_order="0">
    </box>
    <box frame="87" outside="0" occluded="0" keyframe="0" xtl="99.10" ytl="55.10" xbr="490.50" ybr="434.80" z_order="0">
    </box>
    <box frame="88" outside="0" occluded="0" keyframe="0" xtl="99.10" ytl="55.10" xbr="490.50" ybr="434.80" z_order="0">
    </box>
    <box frame="89" outside="0" occluded="0" keyframe="0" xtl="99.10" ytl="55.10" xbr="490.50" ybr="434.80" z_order="0">
    </box>
    <box frame="90" outside="1" occluded="0" keyframe="1" xtl="99.10" ytl="55.10" xbr="490.50" ybr="434.80" z_order="0">
    </box>
  </track>
</annotations>